RMSE,bestitr
2.2920381268293823,40.0
2.75729285329577,40.0
2.3829614853830887,40.0
2.960078187074543,38.0
3.5338997840151185,40.0
2.6889067154807487,39.0
1.7649722733339408,35.0
3.2433266109584378,30.0
3.4561414322945088,40.0
3.83687703137353,39.0
3.206063364613837,40.0
2.5600321771147394,40.0
2.3601951979851328,39.0
3.55289099274596,39.0
2.6668577990228184,40.0
2.8159484898797764,40.0
2.9941386536318473,40.0
3.388132969738637,39.0
2.2315501527211485,40.0
4.174020660935492,40.0
